{
  "n_users": 72557,
  "n_businesses": 995,
  "n_interactions": 119428,
  "sparsity": 0.99834574002917,
  "avg_user_activity": 1.6459886709759224,
  "avg_business_popularity": 120.0281407035176
}