n,num_business,min,max,mean,median,num<=5,num<=10
3,995,7,1908,116.43316582914572,52.0,0,51
4,995,7,1927,119.74070351758795,54.0,0,41
5,995,7,1937,121.27939698492462,54.0,0,39
